pclass,survived,sex,age,sibsp,parch,fare,dest
1.0,1.0,female,29.0,0.0,0.0,211.3375,"St Louis, MO"
1.0,1.0,male,0.9167,1.0,2.0,151.55,"Montreal, PQ / Chesterville, ON"
1.0,0.0,female,2.0,1.0,2.0,151.55,"Montreal, PQ / Chesterville, ON"
1.0,0.0,male,30.0,1.0,2.0,151.55,"Montreal, PQ / Chesterville, ON"
1.0,0.0,female,25.0,1.0,2.0,151.55,"Montreal, PQ / Chesterville, ON"
1.0,1.0,male,48.0,0.0,0.0,26.55,"New York, NY"
1.0,1.0,female,63.0,1.0,0.0,77.9583,"Hudson, NY"
1.0,0.0,male,39.0,0.0,0.0,0.0,"Belfast, NI"
1.0,1.0,female,53.0,2.0,0.0,51.4792,"Bayside, Queens, NY"
1.0,0.0,male,71.0,0.0,0.0,49.5042,"Montevideo, Uruguay"
1.0,0.0,male,47.0,1.0,0.0,227.525,"New York, NY"
1.0,1.0,female,18.0,1.0,0.0,227.525,"New York, NY"
1.0,1.0,female,24.0,0.0,0.0,69.3,"Paris, France"
1.0,1.0,male,80.0,0.0,0.0,30.0,"Hessle, Yorks"
1.0,0.0,male,28.0,0.0,0.0,25.925,"New York, NY"
1.0,0.0,male,24.0,0.0,1.0,247.5208,"Montreal, PQ"
1.0,1.0,female,50.0,0.0,1.0,247.5208,"Montreal, PQ"
1.0,0.0,male,36.0,0.0,0.0,75.2417,"Winnipeg, MN"
1.0,1.0,male,37.0,1.0,1.0,52.5542,"New York, NY"
1.0,1.0,female,47.0,1.0,1.0,52.5542,"New York, NY"
1.0,1.0,male,26.0,0.0,0.0,30.0,"New York, NY"
1.0,0.0,male,25.0,0.0,0.0,26.0,"San Francisco, CA"
1.0,1.0,male,25.0,1.0,0.0,91.0792,"Dowagiac, MI"
1.0,1.0,female,19.0,1.0,0.0,91.0792,"Dowagiac, MI"
1.0,1.0,male,28.0,0.0,0.0,26.55,"Stockholm, Sweden / Washington, DC"
1.0,0.0,male,45.0,0.0,0.0,35.5,"Trenton, NJ"
1.0,1.0,male,40.0,0.0,0.0,31.0,"Glen Ridge, NJ"
1.0,1.0,female,30.0,0.0,0.0,164.8667,"Youngstown, OH"
1.0,1.0,female,58.0,0.0,0.0,26.55,"Birkdale, England Cleveland, Ohio"
1.0,0.0,male,42.0,0.0,0.0,26.55,"London / Winnipeg, MB"
1.0,1.0,female,45.0,0.0,0.0,262.375,"Cooperstown, NY"
1.0,1.0,female,22.0,0.0,1.0,55.0,"St Leonards-on-Sea, England Ohio"
1.0,1.0,male,28.0,0.0,0.0,26.55,"Los Angeles, CA"
1.0,0.0,male,41.0,0.0,0.0,30.5,"Pomeroy, WA"
1.0,0.0,male,48.0,0.0,0.0,50.4958,"Omaha, NE"
1.0,0.0,male,28.0,0.0,0.0,39.6,"Philadelphia, PA"
1.0,1.0,female,44.0,0.0,0.0,27.7208,"Denver, CO"
1.0,1.0,female,59.0,2.0,0.0,51.4792,"Belmont, MA"
1.0,1.0,female,60.0,0.0,0.0,76.2917,"Philadelphia, PA"
1.0,0.0,male,45.0,0.0,0.0,26.55,"Washington, DC"
1.0,1.0,male,42.0,0.0,0.0,26.2875,"New York, NY"
1.0,1.0,female,53.0,0.0,0.0,27.4458,"Washington, DC"
1.0,1.0,male,36.0,0.0,1.0,512.3292,"Austria-Hungary / Germantown, Philadelphia, PA"
1.0,1.0,female,58.0,0.0,1.0,512.3292,"Germantown, Philadelphia, PA"
1.0,0.0,male,33.0,0.0,0.0,5.0,"New York, NY"
1.0,0.0,male,28.0,0.0,0.0,47.1,"Montevideo, Uruguay"
1.0,0.0,male,17.0,0.0,0.0,47.1,"Montevideo, Uruguay"
1.0,1.0,male,11.0,1.0,2.0,120.0,"Bryn Mawr, PA"
1.0,1.0,female,14.0,1.0,2.0,120.0,"Bryn Mawr, PA"
1.0,1.0,male,36.0,1.0,2.0,120.0,"Bryn Mawr, PA"
1.0,1.0,female,36.0,1.0,2.0,120.0,"Bryn Mawr, PA"
1.0,0.0,male,49.0,0.0,0.0,26.0,"Ascot, Berkshire / Rochester, NY"
1.0,1.0,female,28.0,0.0,0.0,27.7208,"New York, NY"
1.0,0.0,male,36.0,1.0,0.0,78.85,"Little Onn Hall, Staffs"
1.0,1.0,female,76.0,1.0,0.0,78.85,"Little Onn Hall, Staffs"
1.0,0.0,male,46.0,1.0,0.0,61.175,"Amenia, ND"
1.0,1.0,female,47.0,1.0,0.0,61.175,"Amenia, ND"
1.0,1.0,male,27.0,1.0,0.0,53.1,"New York, NY / Ithaca, NY"
1.0,1.0,female,33.0,1.0,0.0,53.1,"New York, NY / Ithaca, NY"
1.0,1.0,female,30.0,0.0,0.0,86.5,"London, England"
1.0,1.0,male,45.0,0.0,0.0,29.7,"Paris, France"
1.0,1.0,female,28.0,0.0,1.0,55.0,"St Leonards-on-Sea, England Ohio"
1.0,0.0,male,28.0,0.0,0.0,0.0,"Liverpool, England / Belfast"
1.0,0.0,male,27.0,1.0,0.0,136.7792,"Los Angeles, CA"
1.0,1.0,female,26.0,1.0,0.0,136.7792,"Los Angeles, CA"
1.0,0.0,male,28.0,0.0,0.0,52.0,"Stoughton, MA"
1.0,0.0,male,47.0,0.0,0.0,25.5875,"Victoria, BC"
1.0,1.0,female,39.0,1.0,1.0,83.1583,"Lakewood, NJ"
1.0,0.0,male,37.0,1.0,1.0,83.1583,"Lakewood, NJ"
1.0,1.0,female,64.0,0.0,2.0,83.1583,"Lakewood, NJ"
1.0,1.0,female,55.0,2.0,0.0,25.7,"New York, NY"
1.0,0.0,male,28.0,0.0,0.0,26.55,"Roachdale, IN"
1.0,0.0,male,70.0,1.0,1.0,71.0,"Milwaukee, WI"
1.0,1.0,female,36.0,0.0,2.0,71.0,"Milwaukee, WI"
1.0,1.0,female,64.0,1.0,1.0,26.55,"Milwaukee, WI"
1.0,0.0,male,39.0,1.0,0.0,71.2833,"New York, NY"
1.0,1.0,female,38.0,1.0,0.0,71.2833,"New York, NY"
1.0,1.0,male,51.0,0.0,0.0,26.55,"Lima, Peru"
1.0,1.0,male,27.0,0.0,0.0,30.5,"Philadelphia, PA"
1.0,0.0,male,31.0,1.0,0.0,52.0,"Montreal, PQ"
1.0,1.0,female,27.0,1.0,2.0,52.0,"Montreal, PQ"
1.0,1.0,male,31.0,1.0,0.0,57.0,"Calgary, AB"
1.0,1.0,female,17.0,1.0,0.0,57.0,"Calgary, AB"
1.0,1.0,male,53.0,1.0,1.0,81.8583,"San Francisco, CA"
1.0,1.0,male,4.0,0.0,2.0,81.8583,"San Francisco, CA"
1.0,1.0,female,54.0,1.0,1.0,81.8583,"San Francisco, CA"
1.0,0.0,male,50.0,1.0,0.0,106.425,"Deephaven, MN / Cedar Rapids, IA"
1.0,1.0,female,27.0,1.0,1.0,247.5208,"Montreal, PQ"
1.0,1.0,female,48.0,1.0,0.0,106.425,"Deephaven, MN / Cedar Rapids, IA"
1.0,1.0,female,48.0,1.0,0.0,39.6,London / Paris
1.0,1.0,male,49.0,1.0,0.0,56.9292,London / Paris
1.0,0.0,male,39.0,0.0,0.0,29.7,"Philadelphia, PA"
1.0,1.0,female,23.0,0.0,1.0,83.1583,"Mt Airy, Philadelphia, PA"
1.0,1.0,female,38.0,0.0,0.0,227.525,"New York, NY"
1.0,1.0,female,54.0,1.0,0.0,78.2667,"Brookline, MA"
1.0,0.0,female,36.0,0.0,0.0,31.6792,"New York, NY"
1.0,1.0,female,28.0,0.0,0.0,31.6833,"New York, NY"
1.0,1.0,male,36.0,0.0,0.0,26.3875,"Brooklyn, NY"
1.0,0.0,male,30.0,0.0,0.0,27.75,"New York, NY"
1.0,1.0,female,24.0,3.0,2.0,263.0,"Winnipeg, MB"
1.0,1.0,female,28.0,3.0,2.0,263.0,"Winnipeg, MB"
1.0,1.0,female,23.0,3.0,2.0,263.0,"Winnipeg, MB"
1.0,0.0,male,19.0,3.0,2.0,263.0,"Winnipeg, MB"
1.0,0.0,male,64.0,1.0,4.0,263.0,"Winnipeg, MB"
1.0,1.0,female,60.0,1.0,4.0,263.0,"Winnipeg, MB"
1.0,0.0,male,28.0,0.0,0.0,26.55,"Westcliff-on-Sea, Essex"
1.0,1.0,male,50.0,2.0,0.0,133.65,"New York, NY"
1.0,1.0,male,43.0,1.0,0.0,27.7208,"New York, NY"
1.0,1.0,female,28.0,1.0,0.0,133.65,"New York, NY"
1.0,1.0,female,22.0,0.0,2.0,49.5,"Zurich, Switzerland"
1.0,1.0,male,60.0,1.0,1.0,79.2,"Zurich, Switzerland"
1.0,1.0,female,48.0,1.0,1.0,79.2,"Zurich, Switzerland"
1.0,0.0,male,37.0,1.0,0.0,53.1,"Scituate, MA"
1.0,1.0,female,35.0,1.0,0.0,53.1,"Scituate, MA"
1.0,0.0,male,47.0,0.0,0.0,38.5,"St Anne's-on-Sea, Lancashire"
1.0,1.0,female,22.0,0.0,1.0,59.4,"New York, NY"
1.0,1.0,female,45.0,0.0,1.0,59.4,"New York, NY"
1.0,1.0,male,49.0,1.0,0.0,89.1042,"Paris, France / New York, NY"
1.0,1.0,female,28.0,1.0,0.0,89.1042,"Paris, France / New York, NY"
1.0,0.0,male,71.0,0.0,0.0,34.6542,"New York, NY"
1.0,1.0,male,53.0,0.0,0.0,28.5,"Washington, DC"
1.0,1.0,female,19.0,0.0,0.0,30.0,"Greenwich, CT"
1.0,0.0,male,38.0,0.0,1.0,153.4625,"Winnipeg, MB"
1.0,1.0,female,58.0,0.0,1.0,153.4625,"Greenwich, CT"
1.0,1.0,male,23.0,0.0,1.0,63.3583,"New York, NY"
1.0,1.0,female,45.0,0.0,1.0,63.3583,"New York, NY"
1.0,0.0,male,46.0,0.0,0.0,79.2,"New York, NY"
1.0,1.0,male,25.0,1.0,0.0,55.4417,"Brooklyn, NY"
1.0,1.0,female,25.0,1.0,0.0,55.4417,"Brooklyn, NY"
1.0,1.0,male,48.0,1.0,0.0,76.7292,"New York, NY"
1.0,1.0,female,49.0,1.0,0.0,76.7292,"New York, NY"
1.0,0.0,male,45.0,1.0,0.0,83.475,"New York, NY"
1.0,1.0,female,35.0,1.0,0.0,83.475,"New York, NY"
1.0,1.0,male,28.0,0.0,0.0,30.0,"Kingston, Surrey"
1.0,1.0,female,24.0,0.0,0.0,83.1583,"New York, NY"
1.0,0.0,male,55.0,1.0,1.0,93.5,"Montreal, PQ"
1.0,1.0,female,52.0,1.0,1.0,93.5,"Montreal, PQ"
1.0,0.0,male,42.0,0.0,0.0,42.5,London / Middlesex
1.0,0.0,male,28.0,0.0,0.0,51.8625,"Brighton, MA"
1.0,0.0,male,55.0,0.0,0.0,50.0,London / Birmingham
1.0,1.0,female,16.0,0.0,1.0,57.9792,"Chicago, IL"
1.0,1.0,female,44.0,0.0,1.0,57.9792,"Chicago, IL"
1.0,1.0,female,51.0,1.0,0.0,77.9583,"Hudson, NY"
1.0,0.0,male,42.0,1.0,0.0,52.0,"New York, NY"
1.0,1.0,female,35.0,1.0,0.0,52.0,"New York, NY"
1.0,1.0,male,35.0,0.0,0.0,26.55,"Indianapolis, IN"
1.0,1.0,male,38.0,1.0,0.0,90.0,"New York, NY /  Stamford CT"
1.0,0.0,male,28.0,0.0,0.0,30.6958,"New York, NY"
1.0,1.0,female,35.0,1.0,0.0,90.0,"New York, NY /  Stamford CT"
1.0,0.0,female,50.0,0.0,0.0,28.7125,"Paris, France New York, NY"
1.0,1.0,male,49.0,0.0,0.0,0.0,Liverpool
1.0,0.0,male,46.0,0.0,0.0,26.0,"Bennington, VT"
1.0,0.0,male,50.0,0.0,0.0,26.0,London
1.0,0.0,male,58.0,0.0,0.0,29.7,"Buffalo, NY"
1.0,0.0,male,41.0,1.0,0.0,51.8625,"Southington / Noank, CT"
1.0,1.0,female,28.0,1.0,0.0,51.8625,"Southington / Noank, CT"
1.0,1.0,male,42.0,1.0,0.0,52.5542,"Boston, MA"
1.0,1.0,female,45.0,1.0,0.0,52.5542,"Boston, MA"
1.0,0.0,male,28.0,0.0,0.0,26.55,"Portland, OR"
1.0,1.0,female,49.0,0.0,0.0,25.9292,"New York, NY"
1.0,0.0,male,28.0,0.0,0.0,27.7208,"Chicago, IL"
1.0,0.0,male,42.0,0.0,0.0,26.55,"Stockholm, Sweden"
1.0,1.0,female,55.0,0.0,0.0,27.7208,"Stockholm, Sweden"
1.0,1.0,female,16.0,0.0,1.0,39.4,"Paris, France"
1.0,1.0,female,51.0,0.0,1.0,39.4,"Paris, France"
1.0,0.0,male,29.0,0.0,0.0,30.0,"Springfield, MA"
1.0,1.0,female,21.0,0.0,0.0,77.9583,"Hudson, NY"
1.0,0.0,male,30.0,0.0,0.0,45.5,"London / New York, NY"
1.0,1.0,female,15.0,0.0,1.0,211.3375,"St Louis, MO"
1.0,0.0,male,30.0,0.0,0.0,26.0,"Brockton, MA"
1.0,1.0,male,28.0,0.0,0.0,29.7,"Paris, France"
1.0,0.0,male,19.0,1.0,0.0,53.1,"New York, NY"
1.0,1.0,female,18.0,1.0,0.0,53.1,"New York, NY"
1.0,1.0,female,24.0,0.0,0.0,49.5042,"Belgium  Montreal, PQ"
1.0,0.0,male,46.0,0.0,0.0,75.2417,"Vancouver, BC"
1.0,0.0,male,54.0,0.0,0.0,51.8625,"Dorchester, MA"
1.0,1.0,male,36.0,0.0,0.0,26.2875,"Philadelphia, PA"
1.0,0.0,male,28.0,1.0,0.0,82.1708,"New York, NY"
1.0,1.0,female,28.0,1.0,0.0,82.1708,"New York, NY"
1.0,0.0,male,65.0,0.0,0.0,26.55,"East Bridgewater, MA"
1.0,0.0,male,44.0,2.0,0.0,90.0,"Fond du Lac, WI"
1.0,1.0,female,33.0,1.0,0.0,90.0,"Green Bay, WI"
1.0,1.0,female,37.0,1.0,0.0,90.0,"Fond du Lac, WI"
1.0,1.0,male,30.0,1.0,0.0,57.75,"New York, NY"
1.0,0.0,male,55.0,0.0,0.0,30.5,"Montreal, PQ"
1.0,0.0,male,47.0,0.0,0.0,42.4,"Washington, DC"
1.0,0.0,male,37.0,0.0,1.0,29.7,"Brooklyn, NY"
1.0,1.0,female,31.0,1.0,0.0,113.275,"Lexington, MA"
1.0,1.0,female,23.0,1.0,0.0,113.275,"Lexington, MA"
1.0,0.0,male,58.0,0.0,2.0,113.275,"Lexington, MA"
1.0,1.0,female,19.0,0.0,2.0,26.2833,"New York, NY"
1.0,0.0,male,64.0,0.0,0.0,26.0,"Isle of Wight, England"
1.0,1.0,male,28.0,0.0,0.0,25.7417,"Paris, France"
1.0,1.0,female,22.0,0.0,1.0,61.9792,"Providence, RI"
1.0,0.0,male,65.0,0.0,1.0,61.9792,"Providence, RI"
1.0,0.0,male,28.5,0.0,0.0,27.7208,"?Havana, Cuba"
1.0,0.0,male,28.0,0.0,0.0,0.0,Belfast
1.0,0.0,male,45.5,0.0,0.0,28.5,"Surbiton Hill, Surrey"
1.0,0.0,male,23.0,0.0,0.0,93.5,"Montreal, PQ"
1.0,0.0,male,29.0,1.0,0.0,66.6,"Isleworth, England"
1.0,1.0,female,22.0,1.0,0.0,66.6,"Isleworth, England"
1.0,0.0,male,18.0,1.0,0.0,108.9,"Madrid, Spain"
1.0,1.0,female,17.0,1.0,0.0,108.9,"Madrid, Spain"
1.0,1.0,male,52.0,0.0,0.0,30.5,"Toronto, ON"
1.0,0.0,male,47.0,0.0,0.0,52.0,"Worcester, MA"
1.0,1.0,female,56.0,0.0,1.0,83.1583,"Mt Airy, Philadelphia, PA"
1.0,0.0,male,38.0,0.0,0.0,0.0,"Rotterdam, Netherlands"
1.0,1.0,male,28.0,0.0,0.0,39.6,"Paris /  New York, NY"
1.0,1.0,female,43.0,0.0,1.0,211.3375,"St Louis, MO"
1.0,0.0,male,31.0,0.0,0.0,50.4958,"Trenton, NJ"
1.0,1.0,male,45.0,0.0,0.0,26.55,"New York, NY"
1.0,0.0,male,28.0,0.0,0.0,50.0,"Seattle, WA"
1.0,1.0,female,33.0,0.0,0.0,27.7208,"Paris, France"
1.0,0.0,male,46.0,0.0,0.0,79.2,"New York, NY"
1.0,0.0,male,36.0,0.0,0.0,40.125,"Winnipeg, MB"
1.0,1.0,female,33.0,0.0,0.0,86.5,"London  Vancouver, BC"
1.0,0.0,male,55.0,1.0,0.0,59.4,"New York, NY"
1.0,1.0,female,54.0,1.0,0.0,59.4,"New York, NY"
1.0,0.0,male,33.0,0.0,0.0,26.55,London
1.0,1.0,male,13.0,2.0,2.0,262.375,"Haverford, PA / Cooperstown, NY"
1.0,1.0,female,18.0,2.0,2.0,262.375,"Haverford, PA / Cooperstown, NY"
1.0,1.0,female,21.0,2.0,2.0,262.375,"Haverford, PA / Cooperstown, NY"
1.0,0.0,male,61.0,1.0,3.0,262.375,"Haverford, PA / Cooperstown, NY"
1.0,1.0,female,48.0,1.0,3.0,262.375,"Haverford, PA / Cooperstown, NY"
1.0,1.0,male,28.0,0.0,0.0,30.5,"Manchester, England"
1.0,1.0,male,28.0,0.0,0.0,26.0,"New York, NY"
1.0,1.0,female,35.0,1.0,0.0,57.75,"New York, NY"
1.0,1.0,male,34.0,0.0,0.0,26.55,"New York, NY"
1.0,1.0,female,40.0,0.0,0.0,153.4625,"New York, NY / Greenwich CT"
1.0,1.0,male,35.0,0.0,0.0,26.2875,"St Louis, MO"
1.0,0.0,male,50.0,1.0,0.0,55.9,"Duluth, MN"
1.0,1.0,female,39.0,1.0,0.0,55.9,"Duluth, MN"
1.0,1.0,male,56.0,0.0,0.0,35.5,"Basel, Switzerland"
1.0,1.0,male,28.0,0.0,0.0,35.5,"New Britain, CT"
1.0,0.0,male,56.0,0.0,0.0,26.55,"New York, NY"
1.0,0.0,male,56.0,0.0,0.0,30.6958,"St James, Long Island, NY"
1.0,0.0,male,24.0,1.0,0.0,60.0,"Huntington, WV"
1.0,0.0,male,28.0,0.0,0.0,26.0,"Streatham, Surrey"
1.0,1.0,female,18.0,1.0,0.0,60.0,"Huntington, WV"
1.0,1.0,male,24.0,1.0,0.0,82.2667,"Minneapolis, MN"
1.0,1.0,female,23.0,1.0,0.0,82.2667,"Minneapolis, MN"
1.0,1.0,male,6.0,0.0,2.0,134.5,"Tuxedo Park, NY"
1.0,1.0,male,45.0,1.0,1.0,134.5,"Tuxedo Park, NY"
1.0,1.0,female,40.0,1.0,1.0,134.5,"Tuxedo Park, NY"
1.0,0.0,male,57.0,1.0,0.0,146.5208,"Paris, France"
1.0,1.0,female,28.0,1.0,0.0,146.5208,"Paris, France"
1.0,1.0,male,32.0,0.0,0.0,30.5,"Basel, Switzerland"
1.0,0.0,male,62.0,0.0,0.0,26.55,"Wimbledon Park, London / Hayling Island, Hants"
1.0,1.0,male,54.0,1.0,0.0,55.4417,"Newark, NJ"
1.0,1.0,female,43.0,1.0,0.0,55.4417,"Newark, NJ"
1.0,1.0,female,52.0,1.0,0.0,78.2667,"Haverford, PA"
1.0,0.0,male,28.0,0.0,0.0,27.7208,"Gallipolis, Ohio / ? Paris / New York"
1.0,1.0,female,62.0,0.0,0.0,80.0,"Cincinatti, OH"
1.0,0.0,male,67.0,1.0,0.0,221.7792,"New York, NY"
1.0,0.0,female,63.0,1.0,0.0,221.7792,"New York, NY"
1.0,0.0,male,61.0,0.0,0.0,32.3208,"Haddenfield, NJ"
1.0,1.0,female,48.0,0.0,0.0,25.9292,"Brooklyn, NY"
1.0,1.0,female,18.0,0.0,2.0,79.65,"New York, NY"
1.0,0.0,male,52.0,1.0,1.0,79.65,"New York, NY"
1.0,1.0,female,39.0,1.0,1.0,79.65,"New York, NY"
1.0,1.0,male,48.0,1.0,0.0,52.0,"London /  East Orange, NJ"
1.0,1.0,female,28.0,1.0,0.0,52.0,"London /  East Orange, NJ"
1.0,0.0,male,49.0,1.0,1.0,110.8833,"Haverford, PA"
1.0,1.0,male,17.0,0.0,2.0,110.8833,"Haverford, PA"
1.0,1.0,female,39.0,1.0,1.0,110.8833,"Haverford, PA"
1.0,1.0,female,28.0,0.0,0.0,79.2,"New York, NY"
1.0,1.0,male,31.0,0.0,0.0,28.5375,"Albany, NY"
1.0,0.0,male,40.0,0.0,0.0,27.7208,"Mexico City, Mexico"
1.0,0.0,male,61.0,0.0,0.0,33.5,"Brooklyn, NY"
1.0,0.0,male,47.0,0.0,0.0,34.0208,"East Orange, NJ"
1.0,0.0,male,64.0,1.0,0.0,75.25,"Portland, OR"
1.0,1.0,female,60.0,1.0,0.0,75.25,"Portland, OR"
1.0,0.0,male,60.0,0.0,0.0,26.55,"England Salt Lake City, Utah"
1.0,0.0,male,54.0,0.0,1.0,77.2875,"Brunswick, ME"
1.0,0.0,male,21.0,0.0,1.0,77.2875,"Brunswick, ME"
1.0,1.0,female,55.0,0.0,0.0,135.6333,"New York, NY / Briarcliff Manor NY"
1.0,1.0,female,31.0,0.0,2.0,164.8667,"Youngstown, OH"
1.0,0.0,male,57.0,1.0,1.0,164.8667,"Youngstown, OH"
1.0,1.0,female,45.0,1.0,1.0,164.8667,"Youngstown, OH"
1.0,0.0,male,50.0,1.0,1.0,211.5,"Elkins Park, PA"
1.0,0.0,male,27.0,0.0,2.0,211.5,"Elkins Park, PA"
1.0,1.0,female,50.0,1.0,1.0,211.5,"Elkins Park, PA"
1.0,1.0,female,21.0,0.0,0.0,26.55,"Duluth, MN"
1.0,0.0,male,51.0,0.0,1.0,61.3792,"Geneva, Switzerland / Radnor, PA"
1.0,1.0,male,21.0,0.0,1.0,61.3792,"Geneva, Switzerland / Radnor, PA"
1.0,0.0,male,28.0,0.0,0.0,35.0,"London, England"
1.0,1.0,male,28.0,0.0,0.0,35.5,"London, England"
1.0,0.0,male,62.0,0.0,0.0,26.55,"Halifax, NS"
1.0,1.0,female,36.0,0.0,0.0,135.6333,"New York, NY / Washington, DC"
2.0,0.0,male,30.0,1.0,0.0,24.0,"Russia New York, NY"
2.0,1.0,female,28.0,1.0,0.0,24.0,"Russia New York, NY"
2.0,0.0,male,30.0,0.0,0.0,13.0,"Bryn Mawr, PA, USA"
2.0,0.0,male,18.0,0.0,0.0,11.5,"Buenos Aires, Argentina / New Jersey, NJ"
2.0,0.0,male,25.0,0.0,0.0,10.5,"Cornwall, England Houghton, MI"
2.0,0.0,male,34.0,1.0,0.0,26.0,"Warwick, England"
2.0,1.0,female,36.0,1.0,0.0,26.0,"Warwick, England"
2.0,0.0,male,57.0,0.0,0.0,13.0,"West Hoboken, NJ"
2.0,0.0,male,18.0,0.0,0.0,11.5,"Penzance, Cornwall / Akron, OH"
2.0,0.0,male,23.0,0.0,0.0,10.5,Guernsey
2.0,1.0,female,36.0,0.0,0.0,13.0,"Bristol, Avon / Jacksonville, FL"
2.0,0.0,male,28.0,0.0,0.0,10.5,"Plymouth, Dorset / Houghton, MI"
2.0,0.0,male,51.0,0.0,0.0,12.525,"Jacksonville, FL"
2.0,1.0,male,32.0,1.0,0.0,26.0,"Norwich / New York, NY"
2.0,1.0,female,19.0,1.0,0.0,26.0,"Norwich / New York, NY"
2.0,0.0,male,28.0,0.0,0.0,26.0,England
2.0,1.0,male,1.0,2.0,1.0,39.0,"Guntur, India / Benton Harbour, MI"
2.0,1.0,female,4.0,2.0,1.0,39.0,"Guntur, India / Benton Harbour, MI"
2.0,1.0,female,12.0,2.0,1.0,39.0,"Guntur, India / Benton Harbour, MI"
2.0,1.0,female,36.0,0.0,3.0,39.0,"Guntur, India / Benton Harbour, MI"
2.0,1.0,male,34.0,0.0,0.0,13.0,London
2.0,1.0,female,19.0,0.0,0.0,13.0,"Rochester, NY"
2.0,0.0,male,23.0,0.0,0.0,13.0,"St Ives, Cornwall / Calumet, MI"
2.0,0.0,male,26.0,0.0,0.0,13.0,"Elmira, NY / Orange, NJ"
2.0,0.0,male,42.0,0.0,0.0,13.0,London
2.0,0.0,male,27.0,0.0,0.0,13.0,"Lake Arthur, Chavez County, NM"
2.0,1.0,female,24.0,0.0,0.0,13.0,"London / Montreal, PQ"
2.0,1.0,female,15.0,0.0,2.0,39.0,"Cape Town, South Africa / Seattle, WA"
2.0,0.0,male,60.0,1.0,1.0,39.0,"Cape Town, South Africa / Seattle, WA"
2.0,1.0,female,40.0,1.0,1.0,39.0,"Cape Town, South Africa / Seattle, WA"
2.0,1.0,female,20.0,1.0,0.0,26.0,"Skara, Sweden / Rockford, IL"
2.0,0.0,male,25.0,1.0,0.0,26.0,"Skara, Sweden / Rockford, IL"
2.0,1.0,female,36.0,0.0,0.0,13.0,"Sittingbourne, England / San Diego, CA"
2.0,0.0,male,25.0,0.0,0.0,13.0,"Southsea, Hants"
2.0,0.0,male,42.0,0.0,0.0,13.0,London
2.0,1.0,female,42.0,0.0,0.0,13.0,"New York, NY"
2.0,1.0,male,0.8333,0.0,2.0,29.0,"Bangkok, Thailand / Roseville, IL"
2.0,1.0,male,26.0,1.0,1.0,29.0,"Bangkok, Thailand / Roseville, IL"
2.0,1.0,female,22.0,1.0,1.0,29.0,"Bangkok, Thailand / Roseville, IL"
2.0,1.0,female,35.0,0.0,0.0,21.0,"Mamaroneck, NY"
2.0,0.0,male,28.0,0.0,0.0,0.0,Belfast
2.0,0.0,male,19.0,0.0,0.0,13.0,"St Ives, Cornwall / Calumet, MI"
2.0,0.0,female,44.0,1.0,0.0,26.0,London
2.0,0.0,male,54.0,1.0,0.0,26.0,London
2.0,0.0,male,52.0,0.0,0.0,13.5,"Bronx, NY"
2.0,0.0,male,37.0,1.0,0.0,26.0,"Cornwall / Spokane, WA"
2.0,0.0,female,29.0,1.0,0.0,26.0,"Cornwall / Spokane, WA"
2.0,1.0,female,25.0,1.0,1.0,30.0,London
2.0,1.0,female,45.0,0.0,2.0,30.0,London
2.0,0.0,male,29.0,1.0,0.0,26.0,"England / San Francisco, CA"
2.0,1.0,female,28.0,1.0,0.0,26.0,"England / San Francisco, CA"
2.0,0.0,male,29.0,0.0,0.0,10.5,"Hartford, Huntingdonshire"
2.0,0.0,male,28.0,0.0,0.0,13.0,"Helsinki, Finland Ashtabula, Ohio"
2.0,1.0,male,24.0,0.0,0.0,10.5,"London / Fort Byron, NY"
2.0,1.0,female,8.0,0.0,2.0,26.25,"Bishopstoke, Hants / Fayette Valley, ID"
2.0,0.0,male,31.0,1.0,1.0,26.25,"Bishopstoke, Hants / Fayette Valley, ID"
2.0,1.0,female,31.0,1.0,1.0,26.25,"Bishopstoke, Hants / Fayette Valley, ID"
2.0,1.0,female,22.0,0.0,0.0,10.5,Pennsylvania
2.0,0.0,female,30.0,0.0,0.0,13.0,"Provo, UT"
2.0,0.0,female,28.0,0.0,0.0,21.0,"Upper Burma, India Pittsburgh, PA"
2.0,0.0,male,21.0,0.0,0.0,11.5,"Penzance, Cornwall / Akron, OH"
2.0,0.0,male,28.0,0.0,0.0,0.0,Belfast
2.0,1.0,male,8.0,1.0,1.0,36.75,"St Ives, Cornwall / Hancock, MI"
2.0,0.0,male,18.0,0.0,0.0,73.5,"Lyndhurst, England"
2.0,1.0,female,48.0,0.0,2.0,36.75,"St Ives, Cornwall / Hancock, MI"
2.0,1.0,female,28.0,0.0,0.0,13.0,"London / Staten Island, NY"
2.0,0.0,male,32.0,0.0,0.0,13.0,"Portugal / Sau Paulo, Brazil"
2.0,0.0,male,29.0,1.0,0.0,27.7208,"Lucca, Italy / California"
2.0,1.0,female,24.0,1.0,0.0,27.7208,"Lucca, Italy / California"
2.0,0.0,male,25.0,0.0,0.0,31.5,"Guernsey / Elizabeth, NJ"
2.0,0.0,male,18.0,0.0,0.0,73.5,"New Forest, England"
2.0,1.0,female,18.0,0.0,1.0,23.0,Southampton
2.0,1.0,female,34.0,0.0,1.0,23.0,Southampton
2.0,0.0,male,54.0,0.0,0.0,26.0,"Holley, NY"
2.0,1.0,male,8.0,0.0,2.0,32.5,"Greenport, NY"
2.0,0.0,male,42.0,1.0,1.0,32.5,"Greenport, NY"
2.0,1.0,female,34.0,1.0,1.0,32.5,"Greenport, NY"
2.0,1.0,female,27.0,1.0,0.0,13.8583,"Barcelona, Spain / Havana, Cuba"
2.0,1.0,female,30.0,1.0,0.0,13.8583,"Barcelona, Spain / Havana, Cuba"
2.0,0.0,male,23.0,0.0,0.0,13.0,"England / Detroit, MI"
2.0,0.0,male,21.0,0.0,0.0,13.0,"Goteborg, Sweden / Rockford, IL"
2.0,0.0,male,18.0,0.0,0.0,13.0,"Oslo, Norway Bayonne, NJ"
2.0,0.0,male,40.0,1.0,0.0,26.0,"England / Philadelphia, PA"
2.0,0.0,male,18.0,0.0,0.0,10.5,"Cornwall / Houghton, MI"
2.0,0.0,male,36.0,0.0,0.0,13.0,"Rochester, NY"
2.0,0.0,male,28.0,0.0,0.0,0.0,Belfast
2.0,0.0,female,38.0,0.0,0.0,13.0,"Janjgir, India / Pennsylvania"
2.0,0.0,male,35.0,0.0,0.0,26.0,"Liverpool / Montreal, PQ"
2.0,0.0,male,38.0,1.0,0.0,21.0,"Cornwall / Clear Creek, CO"
2.0,0.0,male,34.0,1.0,0.0,21.0,"Cornwall / Clear Creek, CO"
2.0,1.0,female,34.0,0.0,0.0,13.0,"Brooklyn, NY"
2.0,0.0,male,16.0,0.0,0.0,26.0,"Liverpool / Montreal, PQ"
2.0,0.0,male,26.0,0.0,0.0,10.5,"Guernsey / Elizabeth, NJ"
2.0,0.0,male,47.0,0.0,0.0,10.5,Cornwall
2.0,0.0,male,21.0,1.0,0.0,11.5,"Cornwall / Camden, NJ"
2.0,0.0,male,21.0,1.0,0.0,11.5,"Cornwall / Camden, NJ"
2.0,0.0,male,24.0,0.0,0.0,13.5,"West Kensington, London"
2.0,0.0,male,24.0,0.0,0.0,13.0,"Clevedon, England"
2.0,0.0,male,34.0,0.0,0.0,13.0,"Vancouver, BC"
2.0,0.0,male,52.0,0.0,0.0,13.0,"Bronx, NY"
2.0,0.0,male,30.0,0.0,0.0,13.0,"Auburn, NY"
2.0,1.0,male,0.6667,1.0,1.0,14.5,"Detroit, MI"
2.0,1.0,female,24.0,0.0,2.0,14.5,"Detroit, MI"
2.0,0.0,male,44.0,0.0,0.0,13.0,"Seattle, WA / Toledo, OH"
2.0,1.0,female,6.0,0.0,1.0,33.0,"Denmark Hill, Surrey / Chicago"
2.0,0.0,male,28.0,0.0,1.0,33.0,"Denmark Hill, Surrey / Chicago"
2.0,1.0,male,62.0,0.0,0.0,10.5,London
2.0,0.0,male,30.0,0.0,0.0,10.5,"Walthamstow, England"
2.0,1.0,female,7.0,0.0,2.0,26.25,"Ilford, Essex / Winnipeg, MB"
2.0,0.0,male,43.0,1.0,1.0,26.25,"Ilford, Essex / Winnipeg, MB"
2.0,1.0,female,45.0,1.0,1.0,26.25,"Ilford, Essex / Winnipeg, MB"
2.0,1.0,female,24.0,1.0,2.0,65.0,"Somerset / Bernardsville, NJ"
2.0,1.0,female,24.0,1.0,2.0,65.0,"Somerset / Bernardsville, NJ"
2.0,0.0,male,49.0,1.0,2.0,65.0,"Somerset / Bernardsville, NJ"
2.0,1.0,female,48.0,1.0,2.0,65.0,"Somerset / Bernardsville, NJ"
2.0,1.0,female,55.0,0.0,0.0,16.0,"India / Rapid City, SD"
2.0,0.0,male,24.0,2.0,0.0,73.5,"West Hampstead, London / Neepawa, MB"
2.0,0.0,male,32.0,2.0,0.0,73.5,"West Hampstead, London / Neepawa, MB"
2.0,0.0,male,21.0,2.0,0.0,73.5,"West Hampstead, London / Neepawa, MB"
2.0,0.0,female,18.0,1.0,1.0,13.0,"Kontiolahti, Finland / Detroit, MI"
2.0,1.0,female,20.0,2.0,1.0,23.0,"Cornwall / Akron, OH"
2.0,0.0,male,23.0,2.0,1.0,11.5,"Cornwall / Akron, OH"
2.0,0.0,male,36.0,0.0,0.0,13.0,"Devonport, England"
2.0,1.0,female,54.0,1.0,3.0,23.0,"Cornwall / Akron, OH"
2.0,0.0,male,50.0,0.0,0.0,13.0,Southampton
2.0,0.0,male,44.0,1.0,0.0,26.0,"England / Sacramento, CA"
2.0,1.0,female,29.0,1.0,0.0,26.0,"England / Sacramento, CA"
2.0,0.0,male,21.0,0.0,0.0,73.5,"New Forest, England"
2.0,1.0,male,42.0,0.0,0.0,13.0,"Tokyo, Japan"
2.0,0.0,male,63.0,1.0,0.0,26.0,"Swindon, England"
2.0,0.0,female,60.0,1.0,0.0,26.0,"Swindon, England"
2.0,0.0,male,33.0,0.0,0.0,12.275,"Philadelphia, PA"
2.0,1.0,female,17.0,0.0,0.0,10.5,Guernsey
2.0,0.0,male,42.0,1.0,0.0,27.0,London
2.0,1.0,female,24.0,2.0,1.0,27.0,London
2.0,0.0,male,47.0,0.0,0.0,15.0,"North Evington, England"
2.0,0.0,male,24.0,2.0,0.0,31.5,"Guernsey / Elizabeth, NJ"
2.0,0.0,male,22.0,2.0,0.0,31.5,"Guernsey / Elizabeth, NJ"
2.0,0.0,male,32.0,0.0,0.0,10.5,"St Ives, Cornwall / Houghton, MI"
2.0,1.0,female,23.0,0.0,0.0,13.7917,"New York, NY"
2.0,0.0,male,34.0,1.0,0.0,26.0,"Moscow / Bronx, NY"
2.0,1.0,female,24.0,1.0,0.0,26.0,"Moscow / Bronx, NY"
2.0,0.0,female,22.0,0.0,0.0,21.0,"India / Pittsburgh, PA"
2.0,1.0,female,28.0,0.0,0.0,12.35,"Harrisburg, PA"
2.0,1.0,female,45.0,0.0,0.0,13.5,"London / New York, NY"
2.0,0.0,male,57.0,0.0,0.0,12.35,"Glasgow / Bangor, ME"
2.0,0.0,male,28.0,0.0,0.0,0.0,Belfast
2.0,0.0,male,31.0,0.0,0.0,10.5,"Sweden / Arlington, NJ"
2.0,0.0,female,26.0,1.0,1.0,26.0,"Minneapolis, MN"
2.0,0.0,male,30.0,1.0,1.0,26.0,"Minneapolis, MN"
2.0,1.0,female,1.0,1.0,2.0,41.5792,Paris / Haiti
2.0,1.0,female,3.0,1.0,2.0,41.5792,Paris / Haiti
2.0,0.0,male,25.0,1.0,2.0,41.5792,Paris / Haiti
2.0,1.0,female,22.0,1.0,2.0,41.5792,Paris / Haiti
2.0,1.0,female,17.0,0.0,0.0,12.0,"Berne, Switzerland / Central City, IA"
2.0,1.0,female,28.0,0.0,0.0,33.0,"London / Chicago, IL"
2.0,1.0,female,34.0,0.0,0.0,10.5,"Chicago, IL"
2.0,0.0,male,36.0,0.0,0.0,12.875,"Montreal, PQ"
2.0,0.0,male,50.0,1.0,0.0,26.0,"Weston-Super-Mare, Somerset"
2.0,1.0,female,42.0,1.0,0.0,26.0,"Weston-Super-Mare, Somerset"
2.0,0.0,female,57.0,0.0,0.0,10.5,"Southampton / New York, NY"
2.0,0.0,male,28.0,0.0,0.0,15.0458,Paris
2.0,1.0,male,1.0,0.0,2.0,37.0042,"Paris / Montreal, PQ"
2.0,0.0,male,31.0,1.0,1.0,37.0042,"Paris / Montreal, PQ"
2.0,1.0,female,24.0,1.0,1.0,37.0042,"Paris / Montreal, PQ"
2.0,0.0,male,28.0,0.0,0.0,15.5792,"New York, NY"
2.0,0.0,male,30.0,0.0,0.0,13.0,"St Austall, Cornwall"
2.0,0.0,male,40.0,0.0,0.0,16.0,"Weston-Super-Mare / Moose Jaw, SK"
2.0,0.0,male,32.0,0.0,0.0,13.5,"Sydney, Australia"
2.0,0.0,male,30.0,0.0,0.0,13.0,"Sarnia, ON"
2.0,0.0,male,46.0,0.0,0.0,26.0,"Rochester, NY"
2.0,1.0,female,13.0,0.0,1.0,19.5,"England / Bennington, VT"
2.0,1.0,female,41.0,0.0,1.0,19.5,"England / Bennington, VT"
2.0,1.0,male,19.0,0.0,0.0,10.5,"Chelsea, London"
2.0,0.0,male,39.0,0.0,0.0,13.0,"Harrow-on-the-Hill, Middlesex"
2.0,0.0,male,48.0,0.0,0.0,13.0,"Copenhagen, Denmark"
2.0,0.0,male,70.0,0.0,0.0,10.5,"Guernsey / Montclair, NJ and/or Toledo, Ohio"
2.0,0.0,male,27.0,0.0,0.0,13.0,"Worcester, MA"
2.0,0.0,male,54.0,0.0,0.0,14.0,"Frankfort, KY"
2.0,0.0,male,16.0,0.0,0.0,10.5,"Halesworth, England"
2.0,0.0,male,62.0,0.0,0.0,9.6875,"Cambridge, MA"
2.0,0.0,male,32.5,1.0,0.0,30.0708,"New York, NY"
2.0,1.0,female,14.0,1.0,0.0,30.0708,"New York, NY"
2.0,1.0,male,2.0,1.0,1.0,26.0,"Nice, France"
2.0,1.0,male,3.0,1.0,1.0,26.0,"Nice, France"
2.0,0.0,male,36.5,0.0,2.0,26.0,"Nice, France"
2.0,0.0,male,26.0,0.0,0.0,13.0,"Boston, MA"
2.0,0.0,male,19.0,1.0,1.0,36.75,"Cornwall / Hancock, MI"
2.0,0.0,male,28.0,0.0,0.0,13.5,Glasgow
2.0,1.0,male,20.0,0.0,0.0,13.8625,"Cologne, Germany"
2.0,1.0,female,29.0,0.0,0.0,10.5,"Folkstone, Kent / New York, NY"
2.0,0.0,male,39.0,0.0,0.0,13.0,"Middleburg Heights, OH"
2.0,1.0,male,22.0,0.0,0.0,10.5,"Pondersend, England / New Durham, NJ"
2.0,1.0,male,28.0,0.0,0.0,13.8625,"Spain / Havana, Cuba"
2.0,0.0,male,23.0,0.0,0.0,10.5,"Hamilton, ON"
2.0,1.0,male,29.0,0.0,0.0,13.8583,"Spain / Havana, Cuba"
2.0,0.0,male,28.0,0.0,0.0,10.5,"St Andrews, Guernsey"
2.0,0.0,male,28.0,0.0,0.0,0.0,Belfast
2.0,1.0,female,50.0,0.0,1.0,26.0,"Woodford County, KY"
2.0,0.0,male,19.0,0.0,0.0,10.5,"Gunnislake, England / Butte, MT"
2.0,1.0,female,21.0,0.0,1.0,21.0,"Ilfracombe, Devon"
2.0,1.0,female,19.0,0.0,0.0,26.0,"Worcester, England"
2.0,0.0,male,43.0,0.0,1.0,21.0,"Ilfracombe, Devon"
2.0,1.0,female,32.0,0.0,0.0,13.0,Russia
2.0,0.0,male,34.0,0.0,0.0,13.0,"Denmark / New York, NY"
2.0,1.0,male,30.0,0.0,0.0,12.7375,"Milford, NH"
2.0,0.0,male,27.0,0.0,0.0,15.0333,Paris
2.0,1.0,female,2.0,1.0,1.0,26.0,"Plymouth, Devon / Detroit, MI"
2.0,1.0,female,8.0,1.0,1.0,26.0,"Plymouth, Devon / Detroit, MI"
2.0,1.0,female,33.0,0.0,2.0,26.0,"Plymouth, Devon / Detroit, MI"
2.0,0.0,male,36.0,0.0,0.0,10.5,"Brighton, Sussex"
2.0,0.0,male,34.0,1.0,0.0,21.0,"Elizabeth, NJ"
2.0,1.0,female,30.0,3.0,0.0,21.0,"Elizabeth, NJ"
2.0,1.0,female,28.0,0.0,0.0,13.0,Spain
2.0,0.0,male,23.0,0.0,0.0,15.0458,"Paris / Montreal, PQ"
2.0,1.0,male,0.8333,1.0,1.0,18.75,"Cornwall / Akron, OH"
2.0,1.0,male,3.0,1.0,1.0,18.75,"Cornwall / Akron, OH"
2.0,1.0,female,24.0,2.0,3.0,18.75,"Cornwall / Akron, OH"
2.0,1.0,female,50.0,0.0,0.0,10.5,"London, England / Marietta, Ohio and Milwaukee, WI"
2.0,1.0,female,21.0,0.0,0.0,10.5,"Guernsey / Wilmington, DE"
2.0,0.0,male,26.0,0.0,0.0,13.0,"Newark, NJ"
2.0,0.0,male,25.0,0.0,0.0,13.0,Liverpool
2.0,0.0,male,27.0,0.0,0.0,26.0,"Hornsey, England"
2.0,1.0,female,25.0,0.0,1.0,26.0,"Deer Lodge, MT"
2.0,1.0,female,18.0,0.0,2.0,13.0,"Finland / Minneapolis, MN"
2.0,1.0,female,20.0,0.0,0.0,36.75,"Cornwall / Hancock, MI"
2.0,1.0,female,30.0,0.0,0.0,13.0,"Finland / Washington, DC"
2.0,0.0,male,59.0,0.0,0.0,13.5,"Sault St Marie, ON"
2.0,1.0,female,30.0,0.0,0.0,12.35,"Halifax, NS"
2.0,0.0,male,35.0,0.0,0.0,10.5,Cornwall
2.0,0.0,male,25.0,0.0,0.0,13.0,"Cornwall / Houghton, MI"
2.0,0.0,male,41.0,0.0,0.0,15.0458,"New York, NY"
2.0,0.0,male,25.0,0.0,0.0,10.5,"Catford, Kent / Detroit, MI"
2.0,0.0,male,14.0,0.0,0.0,65.0,"Somerset / Bernardsville, NJ"
2.0,1.0,female,50.0,0.0,0.0,10.5,"Indianapolis, IN"
2.0,1.0,female,28.0,0.0,0.0,12.65,"Columbus, OH"
2.0,1.0,female,27.0,0.0,0.0,10.5,"Bath, England / Massachusetts"
2.0,0.0,male,29.0,1.0,0.0,21.0,"Plymouth, England"
2.0,0.0,female,27.0,1.0,0.0,21.0,"Plymouth, England"
2.0,0.0,male,40.0,0.0,0.0,13.0,"Barre, Co Washington, VT"
2.0,1.0,female,31.0,0.0,0.0,21.0,"Mamaroneck, NY"
2.0,0.0,male,30.0,1.0,0.0,21.0,"Bristol, England / New Britain, CT"
2.0,1.0,female,31.0,0.0,0.0,21.0,"Bristol, England / New Britain, CT"
2.0,0.0,male,28.0,0.0,0.0,0.0,Belfast
2.0,1.0,female,12.0,0.0,0.0,15.75,"Aberdeen / Portland, OR"
2.0,1.0,female,40.0,0.0,0.0,15.75,"Aberdeen / Portland, OR"
2.0,1.0,female,32.5,0.0,0.0,13.0,"England / Hartford, CT"
2.0,0.0,male,27.0,1.0,0.0,26.0,"Bromsgrove, England / Montreal, PQ"
2.0,1.0,female,29.0,1.0,0.0,26.0,"Bromsgrove, England / Montreal, PQ"
2.0,1.0,male,2.0,1.0,1.0,23.0,"Cornwall / Akron, OH"
2.0,1.0,female,4.0,1.0,1.0,23.0,"Cornwall / Akron, OH"
2.0,1.0,female,29.0,0.0,2.0,23.0,"Cornwall / Akron, OH"
2.0,1.0,female,0.9167,1.0,2.0,27.75,"Bournmouth, England"
2.0,1.0,female,5.0,1.0,2.0,27.75,"Bournmouth, England"
2.0,0.0,male,36.0,1.0,2.0,27.75,"Bournmouth, England"
2.0,1.0,female,33.0,1.0,2.0,27.75,"Bournmouth, England"
2.0,0.0,male,66.0,0.0,0.0,10.5,"Guernsey, England / Edgewood, RI"
2.0,1.0,male,31.0,0.0,0.0,13.0,"London, England"
2.0,1.0,male,28.0,0.0,0.0,13.0,"Harrow, England"
2.0,1.0,female,26.0,0.0,0.0,13.5,"Yoevil, England / Cottage Grove, OR"
2.0,0.0,female,24.0,0.0,0.0,13.0,Paris
3.0,0.0,male,13.0,0.0,2.0,20.25,"East Providence, RI"
3.0,0.0,male,16.0,1.0,1.0,20.25,"East Providence, RI"
3.0,1.0,female,35.0,1.0,1.0,20.25,"East Providence, RI"
3.0,1.0,female,16.0,0.0,0.0,7.65,"Norway Los Angeles, CA"
3.0,1.0,male,25.0,0.0,0.0,7.65,"Perkins County, SD"
3.0,1.0,male,20.0,0.0,0.0,7.925,"Taalintehdas, Finland Hoboken, NJ"
3.0,1.0,female,18.0,0.0,0.0,7.2292,"Greensburg, PA"
3.0,0.0,male,30.0,0.0,0.0,7.25,"Asarum, Sweden Brooklyn, NY"
3.0,0.0,male,26.0,0.0,0.0,8.05,"Bournemouth, England"
3.0,0.0,female,40.0,1.0,0.0,9.475,"Sweden Akeley, MN"
3.0,1.0,male,0.8333,0.0,1.0,9.35,"London, England Norfolk, VA"
3.0,1.0,female,18.0,0.0,1.0,9.35,"London, England Norfolk, VA"
3.0,1.0,male,26.0,0.0,0.0,18.7875,"Syria Fredericksburg, VA"
3.0,0.0,male,26.0,0.0,0.0,7.8875,"England Albion, NY"
3.0,0.0,male,20.0,0.0,0.0,7.925,"Salo, Finland Astoria, OR"
3.0,0.0,male,25.0,0.0,0.0,7.05,Argentina
3.0,0.0,male,35.0,0.0,0.0,8.05,"Lower Clapton, Middlesex or Erdington, Birmingham"
3.0,0.0,male,18.0,0.0,0.0,8.3,"Windsor, England New York, NY"
3.0,0.0,male,32.0,0.0,0.0,22.525,"Bergen, Norway"
3.0,0.0,male,4.0,4.0,2.0,31.275,"Sweden Winnipeg, MN"
3.0,0.0,female,6.0,4.0,2.0,31.275,"Sweden Winnipeg, MN"
3.0,0.0,female,2.0,4.0,2.0,31.275,"Sweden Winnipeg, MN"
3.0,1.0,female,17.0,4.0,2.0,7.925,"Ruotsinphyhtaa, Finland New York, NY"
3.0,0.0,female,38.0,4.0,2.0,7.775,"Vadsbro, Sweden Ministee, MI"
3.0,0.0,female,9.0,4.0,2.0,31.275,"Sweden Winnipeg, MN"
3.0,0.0,female,11.0,4.0,2.0,31.275,"Sweden Winnipeg, MN"
3.0,0.0,male,39.0,1.0,5.0,31.275,"Sweden Winnipeg, MN"
3.0,0.0,male,26.0,0.0,0.0,7.775,"Hartford, CT"
3.0,0.0,female,39.0,1.0,5.0,31.275,"Sweden Winnipeg, MN"
3.0,0.0,male,20.0,0.0,0.0,7.8542,"Sweden Chicago, IL"
3.0,0.0,male,26.0,0.0,0.0,7.8958,"Bulgaria Chicago, IL"
3.0,0.0,male,25.0,1.0,0.0,17.8,"Altdorf, Switzerland"
3.0,0.0,female,18.0,1.0,0.0,17.8,"Altdorf, Switzerland"
3.0,0.0,male,24.0,0.0,0.0,7.775,"Sweden Joliet, IL"
3.0,0.0,male,5.0,4.0,2.0,31.3875,"Sweden  Worcester, MA"
3.0,0.0,male,9.0,4.0,2.0,31.3875,"Sweden Worcester, MA"
3.0,1.0,male,3.0,4.0,2.0,31.3875,"Sweden Worcester, MA"
3.0,0.0,male,13.0,4.0,2.0,31.3875,"Sweden Worcester, MA"
3.0,1.0,female,5.0,4.0,2.0,31.3875,"Sweden Worcester, MA"
3.0,0.0,male,40.0,1.0,5.0,31.3875,"Sweden  Worcester, MA"
3.0,1.0,male,23.0,0.0,0.0,7.7958,"Oskarshamn, Sweden Minneapolis, MN"
3.0,1.0,female,38.0,1.0,5.0,31.3875,"Sweden  Worcester, MA"
3.0,1.0,female,45.0,0.0,0.0,7.225,"Ottawa, ON"
3.0,0.0,male,21.0,0.0,0.0,7.225,"Ottawa, ON"
3.0,0.0,male,30.0,0.0,0.0,7.225,"Ottawa, ON"
3.0,0.0,male,23.0,0.0,0.0,7.8542,"Krakoryd, Sweden Bloomington, IL"
3.0,1.0,female,13.0,0.0,0.0,7.2292,"Syria Youngstown, OH"
3.0,0.0,male,32.0,1.0,0.0,15.85,"Ruotsinphytaa, Finland New York, NY"
3.0,1.0,female,33.0,3.0,0.0,15.85,"Ruotsinphytaa, Finland New York, NY"
3.0,1.0,female,0.75,2.0,1.0,19.2583,"Syria New York, NY"
3.0,1.0,female,0.75,2.0,1.0,19.2583,"Syria New York, NY"
3.0,1.0,female,5.0,2.0,1.0,19.2583,"Syria New York, NY"
3.0,1.0,female,24.0,0.0,3.0,19.2583,"Syria New York, NY"
3.0,1.0,female,18.0,0.0,0.0,8.05,"London Skanteales, NY"
3.0,0.0,female,18.0,0.0,1.0,14.4542,"Syria Ottawa, ON"
3.0,0.0,female,45.0,0.0,1.0,14.4542,"Syria Ottawa, ON"
3.0,0.0,female,27.0,0.0,0.0,7.8792,"New York, NY"
3.0,0.0,male,22.0,0.0,0.0,8.05,"England New York, NY"
3.0,0.0,male,19.0,0.0,0.0,8.05,England
3.0,0.0,male,26.0,0.0,0.0,7.775,"Krakudden, Sweden Moune, IL"
3.0,0.0,male,22.0,0.0,0.0,9.35,"Tranvik, Finland New York"
3.0,0.0,male,20.0,0.0,0.0,4.0125,Syria
3.0,1.0,male,32.0,0.0,0.0,56.4958,"Hong Kong New York, NY"
3.0,0.0,male,21.0,0.0,0.0,7.775,"Brennes, Norway New York"
3.0,0.0,male,18.0,0.0,0.0,7.75,"Stockholm, Sweden New York"
3.0,0.0,male,26.0,0.0,0.0,7.8958,"Bulgaria Chicago, IL"
3.0,0.0,male,6.0,1.0,1.0,15.2458,"Syria Kent, ON"
3.0,0.0,female,9.0,1.0,1.0,15.2458,"Syria Kent, ON"
3.0,0.0,male,28.0,0.0,0.0,7.225,Syria
3.0,0.0,female,28.0,0.0,2.0,15.2458,"Syria Kent, ON"
3.0,0.0,female,28.0,0.0,2.0,7.75,"Ireland Chicago, IL"
3.0,0.0,male,40.0,1.0,1.0,15.5,"Ireland Chicago, IL"
3.0,0.0,female,32.0,1.0,1.0,15.5,"Ireland Chicago, IL"
3.0,0.0,male,21.0,0.0,0.0,16.1,"Treherbert, Cardiff, Wales"
3.0,1.0,female,22.0,0.0,0.0,7.725,"Kingwilliamstown, Co Cork, Ireland Glens Falls, NY"
3.0,0.0,female,20.0,0.0,0.0,7.8542,"Medeltorp, Sweden Chicago, IL"
3.0,0.0,male,29.0,1.0,0.0,7.0458,"Bridgerule, Devon"
3.0,0.0,male,22.0,1.0,0.0,7.25,"Bridgerule, Devon"
3.0,0.0,male,22.0,0.0,0.0,7.7958,"Sweden Worcester, MA"
3.0,0.0,male,35.0,0.0,0.0,8.05,"Broomfield, Chelmsford, England"
3.0,0.0,female,18.5,0.0,0.0,7.2833,"Co Cork, Ireland Roxbury, MA"
3.0,1.0,male,21.0,0.0,0.0,7.8208,"Kingwilliamstown, Co Cork, Ireland New York, NY"
3.0,0.0,male,19.0,0.0,0.0,6.75,"Co Cork, Ireland Charlestown, MA"
3.0,0.0,female,18.0,0.0,0.0,7.8792,"Co Sligo, Ireland New York, NY"
3.0,0.0,male,38.0,0.0,0.0,8.6625,Croatia
3.0,0.0,male,21.0,0.0,0.0,7.75,"Ireland Philadelphia, PA"
3.0,0.0,male,28.0,1.0,0.0,14.4583,"Ottawa, ON"
3.0,0.0,female,28.0,1.0,0.0,14.4583,"Ottawa, ON"
3.0,0.0,male,28.0,0.0,0.0,7.7958,"Dagsas, Sweden Fower, MN"
3.0,0.0,male,24.0,0.0,0.0,7.8542,"Goteborg, Sweden Huntley, IL"
3.0,1.0,female,16.0,0.0,0.0,7.75,"Co Longford, Ireland New York, NY"
3.0,0.0,female,37.0,0.0,0.0,7.75,"Co Sligo, Ireland Hartford, CT"
3.0,0.0,male,28.0,0.0,0.0,7.25,"St Denys, Southampton, Hants"
3.0,0.0,male,24.0,0.0,0.0,8.05,London
3.0,0.0,male,21.0,0.0,0.0,7.7333,"Ireland New York, NY"
3.0,1.0,male,32.0,0.0,0.0,56.4958,"Hong Kong New York, NY"
3.0,0.0,male,26.0,1.0,0.0,14.4542,Greece
3.0,0.0,male,18.0,1.0,0.0,14.4542,Greece
3.0,0.0,male,20.0,0.0,0.0,7.05,Portugal
3.0,1.0,male,18.0,0.0,0.0,8.05,"London Brooklyn, NY"
3.0,0.0,male,24.0,0.0,0.0,7.25,"Co Limerick, Ireland Sherbrooke, PQ"
3.0,0.0,male,36.0,0.0,0.0,7.4958,"Bulgaria Chicago, IL"
3.0,0.0,male,31.0,0.0,0.0,7.7333,"Philadelphia, PA"
3.0,0.0,male,31.0,0.0,0.0,7.75,"Ireland Brooklyn, NY"
3.0,1.0,female,22.0,0.0,0.0,7.75,Ireland
3.0,0.0,female,30.0,0.0,0.0,7.6292,Ireland
3.0,0.0,male,35.0,0.0,0.0,7.8958,Austria
3.0,0.0,male,27.0,0.0,0.0,7.8958,Austria
3.0,0.0,male,19.0,0.0,0.0,7.8958,Austria
3.0,0.0,male,30.0,0.0,0.0,8.05,London
3.0,1.0,male,9.0,1.0,1.0,15.9,"England Brooklyn, NY"
3.0,1.0,male,3.0,1.0,1.0,15.9,"England Brooklyn, NY"
3.0,1.0,female,36.0,0.0,2.0,15.9,"England Brooklyn, NY"
3.0,0.0,male,59.0,0.0,0.0,7.25,"Merrill, WI"
3.0,0.0,male,19.0,0.0,0.0,8.1583,"Bristol, England Cleveland, OH"
3.0,1.0,female,17.0,0.0,1.0,16.1,"Bournemouth, England Newark, NJ"
3.0,0.0,male,44.0,0.0,1.0,16.1,"Bournemouth, England Newark, NJ"
3.0,0.0,male,17.0,0.0,0.0,8.6625,Austria-Hungary
3.0,1.0,male,45.0,0.0,0.0,8.05,"Australia Fingal, ND"
3.0,0.0,female,22.0,0.0,0.0,10.5167,"Norrlot, Sweden Chicago, IL"
3.0,0.0,male,19.0,0.0,0.0,10.1708,Austria
3.0,1.0,female,30.0,0.0,0.0,6.95,"Co Athlone, Ireland New York, NY"
3.0,1.0,male,29.0,0.0,0.0,7.75,"Co Athlone, Ireland New York, NY"
3.0,0.0,male,0.3333,0.0,2.0,14.4,"Stanton, IA"
3.0,0.0,male,34.0,1.0,1.0,14.4,"Stanton, IA"
3.0,0.0,female,28.0,1.0,1.0,14.4,"Stanton, IA"
3.0,0.0,male,27.0,0.0,0.0,7.8958,"Bulgaria Chicago, IL"
3.0,0.0,male,25.0,0.0,0.0,7.8958,"Bulgaria Chicago, IL"
3.0,0.0,male,24.0,2.0,0.0,24.15,"West Bromwich, England Pontiac, MI"
3.0,0.0,male,21.0,2.0,0.0,24.15,"West Bromwich, England Pontiac, MI"
3.0,0.0,male,17.0,2.0,0.0,8.05,"West Bromwich, England Pontiac, MI"
3.0,0.0,male,28.0,1.0,0.0,16.1,"Liverpool, England Bedford, OH"
3.0,1.0,female,28.0,1.0,0.0,16.1,"Liverpool, England Bedford, OH"
3.0,1.0,male,36.5,1.0,0.0,17.4,"Tampico, MT"
3.0,1.0,female,36.0,1.0,0.0,17.4,"Tampico, MT"
3.0,1.0,male,30.0,0.0,0.0,9.5,"Belgium Detroit, MI"
3.0,1.0,male,1.0,1.0,2.0,20.575,"Devon, England Wichita, KS"
3.0,1.0,female,0.1667,1.0,2.0,20.575,"Devon, England Wichita, KS"
3.0,0.0,male,26.0,1.0,2.0,20.575,"Devon, England Wichita, KS"
3.0,1.0,female,33.0,1.0,2.0,20.575,"Devon, England Wichita, KS"
3.0,0.0,male,28.0,0.0,0.0,7.8958,"Bulgaria Coon Rapids, IA"
3.0,1.0,female,19.0,0.0,0.0,7.8792,"Kilmacowen, Co Sligo, Ireland New York, NY"
3.0,0.0,male,32.0,0.0,0.0,7.75,"Ireland New York, NY"
3.0,1.0,male,19.0,0.0,0.0,8.05,"England Oglesby, IL"
3.0,1.0,female,30.0,0.0,0.0,12.475,"Union Hill, NJ"
3.0,0.0,female,24.0,0.0,0.0,7.75,"Ireland New York, NY"
3.0,1.0,female,23.0,0.0,0.0,8.05,"London New York, NY"
3.0,0.0,male,33.0,0.0,0.0,7.8958,"Austria Niagara Falls, NY"
3.0,1.0,male,24.0,0.0,0.0,7.55,"England Albion, NY"
3.0,0.0,male,23.0,1.0,0.0,13.9,"West Haven, CT"
3.0,1.0,female,22.0,1.0,0.0,13.9,"West Haven, CT"
3.0,0.0,male,18.0,0.0,0.0,7.775,"Tofta, Sweden Joliet, IL"
3.0,0.0,male,16.0,0.0,0.0,7.775,"Karberg, Sweden Jerome Junction, AZ"
3.0,0.0,male,45.0,0.0,0.0,6.975,"Effington Rut, SD"
3.0,0.0,male,39.0,0.0,2.0,7.2292,"Syria Ottawa, ON"
3.0,0.0,male,15.0,1.0,1.0,7.2292,Syria
3.0,0.0,male,47.0,0.0,0.0,7.25,"Illinois, USA"
3.0,1.0,female,5.0,0.0,0.0,12.475,"New York, NY"
3.0,0.0,male,40.5,0.0,0.0,7.75,"Aughnacliff, Co Longford, Ireland New York, NY"
3.0,1.0,male,28.0,0.0,0.0,7.05,"Italy Philadelphia, PA"
3.0,0.0,male,26.0,0.0,0.0,7.8792,"Ireland Chicago, IL"
3.0,0.0,male,28.0,0.0,0.0,7.75,Ireland
3.0,1.0,male,28.0,0.0,0.0,56.4958,"Hong Kong New York, NY"
3.0,0.0,female,21.0,2.0,2.0,34.375,"Rotherfield, Sussex, England Essex Co, MA"
3.0,0.0,female,9.0,2.0,2.0,34.375,"Rotherfield, Sussex, England Essex Co, MA"
3.0,0.0,male,28.0,0.0,0.0,8.05,"Bridgwater, Somerset, England"
3.0,0.0,male,18.0,2.0,2.0,34.375,"Rotherfield, Sussex, England Essex Co, MA"
3.0,0.0,male,16.0,1.0,3.0,34.375,"Rotherfield, Sussex, England Essex Co, MA"
3.0,0.0,female,48.0,1.0,3.0,34.375,"Rotherfield, Sussex, England Essex Co, MA"
3.0,0.0,male,28.0,0.0,0.0,7.75,"Ireland New York, NY"
3.0,0.0,male,25.0,0.0,0.0,7.7417,"New York, NY"
3.0,1.0,female,16.0,0.0,0.0,7.7333,"Co Longford, Ireland New York, NY"
3.0,1.0,female,28.0,0.0,0.0,7.75,"Co Clare, Ireland Washington, DC"
3.0,1.0,male,9.0,0.0,2.0,20.525,"Strood, Kent, England Detroit, MI"
3.0,0.0,male,33.0,1.0,1.0,20.525,"Strood, Kent, England Detroit, MI"
3.0,0.0,male,41.0,0.0,0.0,7.85,"Philadelphia, PA"
3.0,1.0,female,31.0,1.0,1.0,20.525,"Strood, Kent, England Detroit, MI"
3.0,0.0,male,38.0,0.0,0.0,7.05,Portugal
3.0,0.0,male,9.0,5.0,2.0,46.9,"Wiltshire, England Niagara Falls, NY"
3.0,0.0,male,1.0,5.0,2.0,46.9,"Wiltshire, England Niagara Falls, NY"
3.0,0.0,male,11.0,5.0,2.0,46.9,"Wiltshire, England Niagara Falls, NY"
3.0,0.0,female,10.0,5.0,2.0,46.9,"Wiltshire, England Niagara Falls, NY"
3.0,0.0,female,16.0,5.0,2.0,46.9,"Wiltshire, England Niagara Falls, NY"
3.0,0.0,male,14.0,5.0,2.0,46.9,"Wiltshire, England Niagara Falls, NY"
3.0,0.0,male,40.0,1.0,6.0,46.9,"Wiltshire, England Niagara Falls, NY"
3.0,0.0,female,43.0,1.0,6.0,46.9,"Wiltshire, England Niagara Falls, NY"
3.0,0.0,male,51.0,0.0,0.0,8.05,"Dorking, Surrey, England"
3.0,0.0,male,32.0,0.0,0.0,8.3625,"Foresvik, Norway Portland, ND"
3.0,0.0,male,20.0,0.0,0.0,9.8458,"Waukegan, Chicago, IL"
3.0,0.0,male,37.0,2.0,0.0,7.925,"Ruotsinphytaa, Finland New York, NY"
3.0,0.0,male,28.0,2.0,0.0,7.925,"Ruotsinphytaa, Finland New York, NY"
3.0,0.0,male,19.0,0.0,0.0,7.775,"Myren, Sweden New York, NY"
3.0,0.0,male,41.0,0.0,0.0,7.125,"Finland Sudbury, ON"
3.0,0.0,male,20.0,0.0,0.0,9.225,"Oslo, Norway Cameron, WI"
3.0,0.0,male,22.0,0.0,0.0,9.0,"Antwerp, Belgium / Stanton, OH"
